{
  "labels": [
    "기쁨",
    "당황",
    "분노",
    "불안",
    "상처",
    "슬픔"
  ],
  "macro_f1": 0.3923134136166346,
  "accuracy": 0.4022267899965742,
  "per_class": {
    "기쁨": {
      "precision": 0.5367084735393086,
      "recall": 0.5962616822429907,
      "f1-score": 0.5649199066248088,
      "support": 5885.0
    },
    "당황": {
      "precision": 0.33840665873959574,
      "recall": 0.312403951701427,
      "f1-score": 0.32488584474885845,
      "support": 4555.0
    },
    "분노": {
      "precision": 0.3931063649820258,
      "recall": 0.39978494623655914,
      "f1-score": 0.3964175285211643,
      "support": 4650.0
    },
    "불안": {
      "precision": 0.3524904214559387,
      "recall": 0.3615720524017467,
      "f1-score": 0.356973485665014,
      "support": 4580.0
    },
    "상처": {
      "precision": 0.3498653500897666,
      "recall": 0.32377985462097614,
      "f1-score": 0.33631754934742747,
      "support": 4815.0
    },
    "슬픔": {
      "precision": 0.3801489921121823,
      "recall": 0.3687566418703507,
      "f1-score": 0.37436616679253426,
      "support": 4705.0
    }
  }
}