{
  "labels": [
    "분노",
    "슬픔",
    "불안",
    "상처",
    "당황",
    "기쁨"
  ],
  "macro_f1": 0.8334566776041369,
  "accuracy": 0.8401022436807725,
  "per_class": {
    "분노": {
      "precision": 0.9683168316831683,
      "recall": 0.8701067615658363,
      "f1-score": 0.9165885660731021,
      "support": 562.0
    },
    "슬픔": {
      "precision": 0.8425821064552661,
      "recall": 0.8312849162011173,
      "f1-score": 0.8368953880764904,
      "support": 895.0
    },
    "불안": {
      "precision": 0.859493670886076,
      "recall": 0.8290598290598291,
      "f1-score": 0.8440024860161591,
      "support": 819.0
    },
    "상처": {
      "precision": 0.7735537190082644,
      "recall": 0.8698884758364313,
      "f1-score": 0.8188976377952756,
      "support": 538.0
    },
    "당황": {
      "precision": 0.7170731707317073,
      "recall": 0.8448275862068966,
      "f1-score": 0.7757255936675461,
      "support": 174.0
    },
    "기쁨": {
      "precision": 0.8086303939962477,
      "recall": 0.8086303939962477,
      "f1-score": 0.8086303939962477,
      "support": 533.0
    }
  }
}