{
  "labels": [
    "기쁨",
    "놀람",
    "두려움",
    "부끄러움",
    "분노",
    "사랑",
    "슬픔"
  ],
  "macro_f1": 0.9769510732933308,
  "accuracy": 0.972198004456069,
  "per_class": {
    "기쁨": {
      "precision": 0.9816326530612245,
      "recall": 0.970736629667003,
      "f1-score": 0.976154236428209,
      "support": 991.0
    },
    "놀람": {
      "precision": 0.9857142857142858,
      "recall": 0.9743260590500642,
      "f1-score": 0.9799870884441575,
      "support": 779.0
    },
    "두려움": {
      "precision": 0.9735886431165401,
      "recall": 0.96751968503937,
      "f1-score": 0.9705446766496627,
      "support": 3048.0
    },
    "부끄러움": {
      "precision": 0.9943502824858758,
      "recall": 0.9832402234636871,
      "f1-score": 0.9887640449438202,
      "support": 179.0
    },
    "분노": {
      "precision": 0.9555112881806109,
      "recall": 0.9709851551956815,
      "f1-score": 0.963186077643909,
      "support": 1482.0
    },
    "사랑": {
      "precision": 0.9892183288409704,
      "recall": 0.9865591397849462,
      "f1-score": 0.9878869448183042,
      "support": 372.0
    },
    "슬픔": {
      "precision": 0.9696275071633238,
      "recall": 0.9746543778801844,
      "f1-score": 0.9721344441252514,
      "support": 3472.0
    }
  }
}